t_h,temperatura_C,bomba,radiacao
0.0000,27.98,0,6.96
0.1667,27.98,0,6.96
0.3333,27.98,0,6.96
0.5000,26.50,0,4.11
0.6667,27.18,0,7.54
0.8333,25.36,0,2.27
1.0000,29.77,1,8.87
1.1667,25.23,1,1.75
1.3333,33.27,0,9.14
1.5000,29.14,0,2.75
1.6667,27.64,0,9.62
1.8333,28.55,0,3.32
2.0000,25.55,0,10.56
2.1667,27.77,1,6.60
2.3333,38.95,1,10.25
2.5000,30.68,1,2.89
2.6667,39.50,1,6.27
2.8333,33.14,1,4.15
3.0000,35.77,1,7.76
3.1667,33.82,1,3.98
3.3333,35.00,0,10.60
3.5000,33.41,0,2.97
3.6667,41.23,1,10.25
3.8333,33.91,1,1.73
4.0000,41.27,1,6.21
4.1667,30.95,1,2.12
4.3333,32.32,1,2.75
4.5000,30.77,1,1.55
4.6667,29.36,1,1.81
4.8333,31.00,1,2.43
5.0000,28.14,1,1.62
5.1667,28.45,1,2.43
5.3333,27.14,1,1.18
5.5000,27.59,1,2.45
5.6667,26.68,0,1.40
5.8333,27.82,0,2.51
6.0000,27.00,0,0.59
6.1667,28.68,0,1.25
6.3333,29.00,0,0.66
6.5000,27.23,1,2.16
6.6667,27.68,1,1.57
6.8333,27.14,0,2.05
7.0000,28.36,0,1.33
7.1667,27.95,1,1.77
7.3333,27.50,1,1.14
7.5000,28.23,1,1.49
7.6667,27.32,1,1.25
7.8333,27.82,1,3.96
8.0000,28.55,1,1.90
8.1667,27.41,1,3.93
8.3333,29.50,1,1.97
8.5000,28.09,1,1.40
8.6667,29.45,1,1.99
8.8333,27.23,1,1.38
9.0000,26.68,1,1.20
9.1667,27.23,1,0.92
9.3333,25.82,1,1.07
9.5000,25.50,1,0.42
9.6667,25.68,1,0.81
9.8333,25.45,1,0.44
10.0000,24.73,0,0.00
10.1667,25.91,0,0.00
10.3333,23.55,1,0.00
10.5000,24.32,1,0.00
10.6667,23.77,1,0.00
10.8333,24.45,0,0.00
11.0000,23.09,0,0.00
11.1667,24.64,1,0.00
11.3333,23.86,0,0.00
11.5000,25.18,0,0.00
11.6667,25.45,0,0.00
11.8333,25.91,0,0.00
12.0000,26.32,0,0.00
12.1667,26.73,0,0.00
12.3333,26.41,0,0.00
12.5000,27.05,0,0.00
12.6667,26.95,0,0.00
12.8333,27.18,0,0.00
13.0000,26.95,0,0.00
13.1667,27.55,0,0.00
13.3333,27.41,0,0.00
13.5000,27.64,0,0.00
13.6667,27.27,0,0.00
13.8333,27.50,0,0.00
14.0000,27.32,0,0.00
14.1667,27.55,0,0.00
14.3333,27.32,0,0.00
14.5000,22.82,0,0.00
14.6667,24.91,1,0.00
14.8333,22.41,1,0.00
15.0000,22.73,1,0.00
15.1667,22.18,1,0.00
15.3333,22.41,0,0.00
15.5000,22.09,1,0.00
15.6667,21.95,1,0.00
15.8333,22.14,1,0.00
16.0000,22.41,0,0.00
16.1667,22.82,0,0.00
16.3333,22.18,1,0.00
16.5000,21.09,1,0.00
16.6667,21.45,1,0.00
16.8333,21.09,1,0.00
17.0000,21.59,0,0.00
17.1667,20.86,0,0.00
17.3333,21.59,1,0.00
17.5000,20.45,1,0.00
17.6667,20.59,1,0.00
17.8333,20.41,1,0.00
18.0000,20.64,1,0.00
18.1667,20.77,1,0.00
18.3333,20.55,1,0.00
18.5000,20.77,1,0.00
18.6667,20.55,1,0.00
18.8333,20.82,1,0.00
19.0000,21.05,0,0.00
19.1667,21.36,0,0.00
19.3333,20.55,0,0.00
19.5000,21.50,1,0.00
19.6667,20.23,1,0.15
19.8333,21.00,1,0.00
20.0000,20.91,1,0.00
20.1667,21.14,1,0.46
20.3333,21.27,1,0.83
20.5000,21.05,1,0.48
20.6667,21.27,0,1.14
20.8333,22.23,1,1.70
21.0000,21.27,1,1.27
21.1667,22.73,1,2.10
21.3333,23.50,1,2.49
21.5000,22.68,1,2.80
21.6667,24.86,0,2.97
21.8333,22.32,0,3.89
22.0000,26.27,1,4.22
22.1667,27.64,1,3.63
22.3333,26.50,1,1.84
22.5000,27.82,1,4.74
22.6667,26.41,1,1.81
22.8333,27.50,1,5.84
23.0000,29.18,1,1.46
23.1667,27.00,1,5.36
23.3333,29.27,0,1.92
23.5000,26.73,0,7.41
23.6667,26.91,0,2.54
23.8333,25.82,0,8.15
24.0000,26.64,0,3.43
24.1667,25.18,0,6.71
24.3333,24.68,0,2.99
24.5000,29.32,0,8.24
24.6667,35.32,1,2.95
24.8333,31.55,1,7.58
25.0000,35.36,1,3.28
25.1667,38.41,1,10.47
25.3333,33.14,1,5.38
25.5000,38.95,0,10.36
25.6667,33.23,0,5.03
25.8333,30.05,0,9.68
26.0000,28.55,0,9.62
26.1667,29.77,0,10.01
26.3333,26.50,0,9.14
26.5000,27.14,0,2.89
26.6667,26.27,0,6.86
26.8333,27.32,0,2.51
27.0000,25.82,0,9.92
27.1667,26.14,0,9.84
27.3333,25.55,0,8.24
27.5000,25.32,0,4.15
27.6667,25.50,0,9.66
27.8333,25.09,0,2.34
28.0000,25.95,0,9.38
28.1667,25.64,0,4.15
28.3333,27.05,0,7.87
28.5000,34.55,1,1.92
28.6667,29.23,1,8.72
28.8333,33.50,1,2.16
29.0000,39.73,0,9.07
29.1667,28.82,1,7.61
29.3333,43.91,1,7.10
29.5000,40.50,1,4.15
29.6667,43.05,1,5.38
29.8333,37.91,0,1.95
30.0000,36.45,0,2.64
30.1667,37.86,0,2.21
30.3333,35.27,0,4.74
30.5000,34.68,0,2.95
30.6667,33.05,0,1.70
30.8333,34.41,0,2.08
31.0000,32.05,0,1.51
31.1667,30.68,0,3.58
31.3333,32.82,0,2.43
31.5000,30.27,1,3.98
31.6667,34.41,1,1.90
31.8333,30.14,1,2.21
32.0000,32.68,1,1.51
32.1667,29.95,1,1.66
32.3333,31.14,0,1.27
32.5000,30.45,0,1.05
32.6667,30.73,0,1.18
32.8333,30.36,0,0.94
33.0000,30.59,0,1.01
33.1667,30.14,0,0.79
33.3333,30.00,0,0.92
33.5000,29.41,0,0.44
33.6667,29.91,0,0.72
33.8333,29.36,0,0.22
34.0000,28.55,0,0.33
34.1667,28.00,0,0.11
34.3333,28.41,0,0.00
34.5000,27.23,0,0.00
34.6667,27.41,0,0.00
34.8333,25.18,0,0.00
35.0000,26.77,1,0.00
35.1667,25.09,1,0.00
35.3333,25.23,1,0.00
35.5000,25.00,1,0.00
35.6667,25.23,1,0.00
35.8333,24.45,0,0.00
36.0000,24.77,1,0.00
36.1667,24.41,1,0.00
36.3333,24.55,1,0.00
36.5000,24.36,1,0.00
36.6667,24.50,1,0.00
36.8333,24.23,1,0.00
37.0000,24.36,1,0.00
37.1667,24.09,1,0.00
37.3333,24.23,1,0.00
37.5000,24.09,1,0.00
37.6667,24.23,1,0.00
37.8333,24.41,0,0.00
38.0000,23.95,0,0.00
38.1667,23.18,1,0.00
38.3333,23.50,1,0.00
38.5000,23.14,0,0.00
38.6667,23.91,1,0.00
38.8333,23.36,1,0.00
39.0000,23.59,1,0.00
39.1667,23.32,1,0.00
39.3333,23.45,1,0.00
39.5000,23.18,0,0.00
39.6667,23.55,1,0.00
39.8333,23.14,1,0.00
40.0000,23.41,0,0.00
40.1667,23.18,0,0.00
40.3333,23.64,0,0.00
40.5000,23.45,0,0.00
40.6667,23.86,0,0.00
40.8333,23.64,0,0.00
41.0000,24.09,0,0.00
41.1667,23.86,0,0.00
41.3333,24.36,0,0.00
41.5000,22.14,0,0.00
41.6667,24.36,0,0.00
41.8333,22.05,1,0.00
42.0000,23.73,0,0.00
42.1667,21.73,0,0.00
42.3333,23.68,1,0.00
42.5000,21.64,1,0.00
42.6667,22.59,1,0.00
42.8333,22.14,0,0.00
43.0000,22.86,0,0.00
43.1667,23.23,0,0.57
43.3333,22.86,0,0.11
43.5000,23.55,0,0.77
43.6667,23.14,0,0.68
43.8333,23.64,0,0.92
44.0000,23.36,0,0.85
44.1667,24.23,0,0.92
44.3333,23.82,1,0.85
44.5000,24.32,0,0.92
44.6667,23.91,0,1.14
44.8333,24.05,0,0.87
45.0000,23.91,0,1.25
45.1667,24.18,0,1.84
45.3333,24.05,0,1.49
45.5000,24.23,0,2.51
45.6667,26.36,0,2.80
45.8333,24.00,1,2.34
46.0000,26.86,1,3.80
46.1667,27.32,1,3.37
46.3333,28.09,1,4.11
46.5000,27.36,0,5.90
46.6667,26.41,0,3.04
46.8333,30.36,0,5.77
47.0000,26.09,1,5.38
47.1667,33.45,1,5.95
47.3333,32.00,1,5.42
47.5000,34.77,1,6.23
47.6667,32.86,0,6.89
47.8333,35.68,0,6.27
48.0000,41.09,1,7.61
48.1667,32.32,1,7.06
48.3333,41.05,1,7.85
48.5000,39.82,1,8.09
48.6667,38.55,0,7.87
48.8333,37.36,0,8.28
49.0000,38.36,0,9.07
49.1667,35.23,0,8.46
49.3333,36.64,0,9.05
49.5000,36.64,0,9.05
49.6667,36.64,1,9.05
49.8333,36.64,0,9.05
