t_ms,pressao
0.000,-0.0291
0.125,-0.0291
0.250,-0.0291
0.375,-0.0291
0.500,-0.0291
0.625,-0.0291
0.750,-0.0291
0.875,-0.0291
1.000,-0.0291
1.125,-0.0291
1.250,-0.0291
1.375,-0.0291
1.500,-0.0291
1.625,-0.0291
1.750,-0.0291
1.875,-0.0291
2.000,-0.0291
2.125,-0.0291
2.250,-0.0291
2.375,-0.0291
2.500,-0.0291
2.625,-0.0291
2.750,-0.0291
2.875,-0.0291
3.000,-0.0291
3.125,-0.0291
3.250,-0.0291
3.375,-0.0522
3.500,-0.0447
3.625,-0.0217
3.750,-0.0273
3.875,-0.0499
4.000,-0.0450
4.125,-0.0232
4.250,-0.0281
4.375,-0.0501
4.500,-0.0542
4.625,-0.0267
4.750,-0.0376
4.875,-0.0601
5.000,-0.0576
5.125,-0.0342
5.250,-0.0331
5.375,-0.0615
5.500,-0.0607
5.625,-0.0293
5.750,-0.0295
5.875,-0.0640
6.000,-0.0646
6.125,-0.0295
6.250,-0.0396
6.375,-0.0714
6.500,-0.0729
6.625,-0.0419
6.750,-0.0471
6.875,-0.0753
7.000,-0.0768
7.125,-0.0494
7.250,-0.0438
7.375,-0.0738
7.500,-0.0722
7.625,-0.0454
7.750,-0.0388
7.875,-0.0662
8.000,-0.0671
8.125,-0.0415
8.250,-0.0371
8.375,-0.0605
8.500,-0.0653
8.625,-0.0424
8.750,-0.0340
8.875,-0.0585
9.000,-0.0543
9.125,-0.0364
9.250,-0.0251
9.375,-0.0403
9.500,-0.0451
9.625,-0.0279
9.750,-0.0152
9.875,-0.0355
10.000,-0.0457
10.125,-0.0222
10.250,-0.0114
10.375,-0.0398
10.500,-0.0537
10.625,-0.0271
10.750,-0.0201
10.875,-0.0428
11.000,-0.0521
11.125,-0.0348
11.250,-0.0158
11.375,-0.0298
11.500,-0.0427
11.625,-0.0232
11.750,-0.0082
11.875,-0.0259
12.000,-0.0402
12.125,-0.0233
12.250,-0.0102
12.375,-0.0258
12.500,-0.0396
12.625,-0.0264
12.750,-0.0158
12.875,-0.0288
13.000,-0.0396
13.125,-0.0304
13.250,-0.0231
13.375,-0.0116
13.500,0.0109
13.625,-0.0041
13.750,-0.0217
13.875,-0.0025
14.000,0.0160
14.125,0.0059
14.250,-0.0090
14.375,0.0043
14.500,0.0107
14.625,0.0145
14.750,0.0467
14.875,0.0352
15.000,0.0082
15.125,0.0217
15.250,0.0530
15.375,0.0488
15.500,0.0350
15.625,0.0408
15.750,0.0586
15.875,0.0625
16.000,0.0401
16.125,0.0473
16.250,0.0709
16.375,0.0668
16.500,0.0452
16.625,0.0508
16.750,0.0746
16.875,0.0779
17.000,0.0547
17.125,0.0622
17.250,0.0834
17.375,0.0795
17.500,0.0463
17.625,0.0390
17.750,0.0820
17.875,0.0775
18.000,0.0334
18.125,0.0345
18.250,0.0791
18.375,0.0665
18.500,0.0180
18.625,0.0171
18.750,0.0475
18.875,0.0361
19.000,0.0109
19.125,0.0091
19.250,0.0337
19.375,0.0213
19.500,-0.0179
19.625,-0.0216
19.750,0.0161
19.875,0.0065
20.000,-0.0225
20.125,-0.0267
20.250,-0.0043
20.375,-0.0068
20.500,-0.0296
20.625,-0.0343
20.750,-0.0130
20.875,-0.0099
21.000,-0.0312
21.125,-0.0368
21.250,-0.0166
21.375,-0.0185
21.500,-0.0384
21.625,-0.0445
21.750,-0.0272
21.875,-0.0246
22.000,-0.0474
22.125,-0.0560
22.250,-0.0351
22.375,-0.0295
22.500,-0.0486
22.625,-0.0563
22.750,-0.0397
22.875,-0.0345
23.000,-0.0485
23.125,-0.0534
23.250,-0.0418
23.375,-0.0309
23.500,-0.0424
23.625,-0.0504
23.750,-0.0360
23.875,-0.0329
24.000,-0.0244
24.125,-0.0145
24.250,-0.0262
24.375,-0.0294
24.500,-0.0014
24.625,0.0262
24.750,0.0041
24.875,-0.0145
25.000,0.0168
25.125,0.0455
25.250,0.0243
25.375,0.0040
25.500,0.0431
25.625,0.0776
25.750,0.0580
25.875,0.0410
26.000,0.0650
26.125,0.0827
26.250,0.0721
26.375,0.0572
26.500,0.0716
26.625,0.0903
26.750,0.0810
26.875,0.0629
27.000,0.0729
27.125,0.0924
27.250,0.0826
27.375,0.0616
27.500,0.0709
27.625,0.0920
27.750,0.0829
27.875,0.0616
28.000,0.0683
28.125,0.0870
28.250,0.0768
28.375,0.0472
28.500,0.0547
28.625,0.0847
28.750,0.0747
28.875,0.0345
29.000,0.0427
29.125,0.0845
29.250,0.0752
29.375,0.0304
29.500,0.0258
29.625,0.0561
29.750,0.0419
29.875,0.0192
30.000,0.0204
30.125,0.0410
30.250,0.0380
30.375,0.0154
30.500,0.0000
30.625,0.0385
30.750,0.0356
30.875,-0.0034
31.000,0.0071
31.125,-0.0268
31.250,-0.0281
31.375,0.0062
31.500,-0.0123
31.625,-0.0326
31.750,-0.0345
31.875,-0.0150
32.000,-0.0224
32.125,-0.0397
32.250,-0.0256
32.375,-0.0581
32.500,-0.0626
32.625,-0.0342
32.750,-0.0318
32.875,-0.0643
33.000,-0.0834
33.125,-0.0476
33.250,-0.0420
33.375,-0.0794
33.500,-0.0881
33.625,-0.0655
33.750,-0.0612
33.875,-0.0837
34.000,-0.0906
34.125,-0.0682
34.250,-0.0614
34.375,-0.0845
34.500,-0.1102
34.625,-0.0772
34.750,-0.0692
34.875,-0.1044
35.000,-0.1178
35.125,-0.0869
35.250,-0.0791
35.375,-0.1060
35.500,-0.1178
35.625,-0.0945
35.750,-0.0819
35.875,-0.1045
36.000,-0.1123
36.125,-0.0917
36.250,-0.0968
36.375,-0.0758
36.500,-0.0530
36.625,-0.0729
36.750,-0.0862
36.875,-0.0662
37.000,-0.0387
37.125,-0.0573
37.250,-0.0679
37.375,-0.0400
37.500,-0.0159
37.625,-0.0283
37.750,-0.0518
37.875,-0.0289
38.000,-0.0144
38.125,-0.0049
38.250,0.0225
38.375,0.0022
38.500,-0.0201
38.625,0.0025
38.750,0.0245
38.875,0.0105
39.000,-0.0139
39.125,-0.0060
39.250,0.0137
39.375,0.0017
39.500,-0.0239
39.625,-0.0226
39.750,-0.0016
39.875,-0.0124
40.000,-0.0364
40.125,-0.0301
40.250,-0.0041
40.375,-0.0151
40.500,-0.0432
40.625,-0.0412
40.750,-0.0271
40.875,-0.0355
41.000,-0.0604
41.125,-0.0563
41.250,-0.0373
41.375,-0.0440
41.500,-0.0681
41.625,-0.0645
41.750,-0.0424
41.875,-0.0475
42.000,-0.0706
42.125,-0.0682
42.250,-0.0448
42.375,-0.0484
42.500,-0.0782
42.625,-0.0763
42.750,-0.0449
42.875,-0.0485
43.000,-0.0807
43.125,-0.0802
43.250,-0.0474
43.375,-0.0496
43.500,-0.0832
43.625,-0.0829
43.750,-0.0499
43.875,-0.0499
44.000,-0.0775
44.125,-0.0768
44.250,-0.0510
44.375,-0.0487
44.500,-0.0558
44.625,-0.0551
44.750,-0.0338
44.875,-0.0308
45.000,-0.0514
45.125,-0.0457
45.250,-0.0109
45.375,-0.0052
45.500,-0.0381
45.625,-0.0348
45.750,0.0002
45.875,0.0076
46.000,-0.0248
46.125,-0.0205
46.250,0.0078
46.375,0.0152
46.500,-0.0095
46.625,-0.0166
46.750,0.0185
46.875,0.0305
47.000,-0.0042
47.125,-0.0044
47.250,0.0232
47.375,0.0322
47.500,0.0106
47.625,0.0014
47.750,0.0223
47.875,0.0322
48.000,0.0118
48.125,0.0014
48.250,0.0211
48.375,0.0330
48.500,0.0136
48.625,0.0014
48.750,0.0222
48.875,0.0368
49.000,0.0165
49.125,0.0094
49.250,0.0263
49.375,0.0347
49.500,0.0250
49.625,0.0147
49.750,0.0243
49.875,0.0341
50.000,0.0225
50.125,0.0085
50.250,0.0182
50.375,0.0315
50.500,0.0185
50.625,0.0005
50.750,0.0098
50.875,0.0270
51.000,0.0136
51.125,-0.0050
51.250,0.0078
51.375,0.0270
51.500,0.0153
51.625,-0.0071
51.750,0.0016
51.875,0.0270
52.000,0.0131
52.125,-0.0140
52.250,-0.0009
52.375,0.0270
52.500,0.0147
52.625,-0.0136
52.750,0.0006
52.875,0.0351
53.000,0.0237
53.125,-0.0060
53.250,0.0168
53.375,0.0373
53.500,0.0316
53.625,0.0119
53.750,0.0178
53.875,0.0375
54.000,0.0342
54.125,0.0140
54.250,0.0172
54.375,0.0400
54.500,0.0370
54.625,0.0115
54.750,0.0142
54.875,0.0428
55.000,0.0427
55.125,0.0108
55.250,0.0183
55.375,0.0511
55.500,0.0614
55.625,0.0171
55.750,0.0249
55.875,0.0655
56.000,0.0647
56.125,0.0244
56.250,0.0206
56.375,0.0561
56.500,0.0553
56.625,0.0204
56.750,0.0193
56.875,0.0534
57.000,0.0552
57.125,0.0218
57.250,0.0158
57.375,0.0528
57.500,0.0577
57.625,0.0190
57.750,-0.0027
57.875,0.0485
58.000,0.0212
58.125,-0.0030
58.250,0.0066
58.375,-0.0196
58.500,-0.0266
58.625,0.0012
58.750,-0.0035
58.875,-0.0225
59.000,-0.0278
59.125,-0.0133
59.250,-0.0137
59.375,-0.0355
59.500,-0.0612
59.625,-0.0304
59.750,-0.0267
59.875,-0.0580
60.000,-0.0718
60.125,-0.0447
60.250,-0.0346
60.375,-0.0616
60.500,-0.0742
60.625,-0.0492
60.750,-0.0358
60.875,-0.0608
61.000,-0.0771
61.125,-0.0523
61.250,-0.0358
61.375,-0.0615
61.500,-0.0794
61.625,-0.0545
61.750,-0.0243
61.875,-0.0505
62.000,-0.0662
62.125,-0.0333
62.250,-0.0107
62.375,-0.0226
62.500,-0.0364
62.625,-0.0213
62.750,-0.0198
62.875,-0.0038
63.000,0.0315
63.125,0.0027
63.250,-0.0169
63.375,0.0227
63.500,0.0481
63.625,0.0309
63.750,0.0109
63.875,0.0423
64.000,0.0788
64.125,0.0578
64.250,0.0312
64.375,0.0609
64.500,0.0813
64.625,0.0720
64.750,0.0518
64.875,0.0618
65.000,0.0821
65.125,0.0743
65.250,0.0556
65.375,0.0631
65.500,0.0805
65.625,0.0719
65.750,0.0454
65.875,0.0450
66.000,0.0793
66.125,0.0689
66.250,0.0322
66.375,0.0343
66.500,0.0652
66.625,0.0577
66.750,0.0247
66.875,0.0259
67.000,0.0583
67.125,0.0281
67.250,0.0184
67.375,0.0148
67.500,-0.0321
67.625,-0.0285
67.750,0.0155
67.875,-0.0296
68.000,-0.0487
68.125,-0.0316
68.250,-0.0730
68.375,-0.0731
68.500,-0.0358
68.625,-0.0375
68.750,-0.0768
68.875,-0.0768
69.000,-0.0391
69.125,-0.0384
69.250,-0.0568
69.375,-0.0564
69.500,-0.0274
69.625,-0.0243
69.750,-0.0537
69.875,-0.0563
70.000,-0.0286
70.125,-0.0267
70.250,-0.0561
70.375,-0.0613
70.500,-0.0394
70.625,-0.0369
70.750,-0.0672
70.875,-0.0740
71.000,-0.0553
71.125,-0.0522
71.250,-0.0709
71.375,-0.0755
71.500,-0.0575
71.625,-0.0525
71.750,-0.0641
71.875,-0.0669
72.000,-0.0134
72.125,0.0062
72.250,-0.0378
72.375,-0.0459
72.500,-0.0072
72.625,0.0069
72.750,-0.0257
72.875,-0.0409
73.000,-0.0172
73.125,-0.0059
73.250,-0.0424
73.375,-0.0409
73.500,-0.0829
73.625,-0.1173
73.750,-0.0648
73.875,-0.0332
74.000,-0.0834
74.125,-0.1178
74.250,-0.0726
74.375,-0.0371
74.500,-0.0807
74.625,-0.1178
74.750,-0.0758
74.875,-0.0371
75.000,-0.0557
75.125,-0.0736
75.250,-0.0557
75.375,-0.0316
75.500,-0.0468
75.625,-0.0653
75.750,-0.0429
75.875,-0.0237
76.000,-0.0370
76.125,-0.0631
76.250,-0.0535
76.375,-0.0288
76.500,-0.0504
76.625,-0.0757
76.750,-0.0633
76.875,-0.0375
77.000,-0.0523
77.125,-0.0794
77.250,-0.0662
77.375,-0.0511
77.500,-0.0517
77.625,0.0133
77.750,-0.0052
77.875,-0.0481
78.000,-0.0134
78.125,0.0325
78.250,0.0187
78.375,-0.0281
78.500,-0.0146
78.625,0.0332
78.750,0.0201
78.875,-0.0300
79.000,-0.0300
79.125,0.0074
79.250,-0.0019
79.375,-0.0373
79.500,-0.0293
79.625,-0.0556
79.750,-0.0348
79.875,-0.1024
80.000,-0.0962
80.125,-0.0396
80.250,-0.0447
80.375,-0.1024
80.500,-0.0985
80.625,-0.0370
80.750,-0.0375
80.875,-0.0793
81.000,-0.0768
81.125,-0.0140
81.250,-0.0127
81.375,-0.0559
81.500,-0.0513
81.625,-0.0077
81.750,-0.0051
81.875,-0.0891
82.000,-0.0947
82.125,-0.0268
82.250,-0.0229
82.375,-0.1081
82.500,-0.1177
82.625,-0.0574
82.750,-0.0510
82.875,-0.1103
83.000,-0.1191
83.125,-0.0733
83.250,-0.0588
83.375,-0.1087
83.500,-0.1181
83.625,0.0161
83.750,0.0516
83.875,-0.0668
84.000,-0.0646
84.125,0.0289
84.250,0.0549
84.375,0.0379
84.500,0.0331
84.625,0.0493
84.750,0.0571
84.875,0.0432
85.000,0.0373
85.125,0.0523
85.250,0.0599
85.375,0.0449
85.500,0.0330
85.625,0.0509
85.750,0.0625
85.875,0.0419
86.000,0.0288
86.125,0.0565
86.250,0.0752
86.375,0.0455
86.500,0.0245
86.625,0.0537
86.750,0.0542
86.875,0.0831
87.000,0.1213
87.125,0.0777
87.250,0.0446
87.375,0.0887
87.500,0.1264
87.625,0.0937
87.750,0.0597
87.875,0.0911
88.000,0.1251
88.125,0.0968
88.250,0.0483
88.375,0.0698
88.500,0.1226
88.625,0.0835
88.750,0.0206
88.875,0.0406
89.000,0.0893
89.125,0.0587
89.250,0.0055
89.375,0.0166
89.500,0.0450
89.625,0.0306
89.750,0.0014
89.875,0.0149
90.000,0.0450
90.125,0.0327
90.250,0.0073
90.375,0.0273
90.500,0.0491
90.625,0.0421
90.750,0.0159
90.875,0.0164
91.000,0.0408
91.125,0.0331
91.250,0.0124
91.375,0.0219
91.500,-0.0168
91.625,-0.0098
91.750,0.0236
91.875,-0.0143
92.000,-0.0526
92.125,-0.0479
92.250,-0.0098
92.375,-0.0208
92.500,-0.0550
92.625,-0.0516
92.750,-0.0163
92.875,-0.0157
93.000,-0.0549
93.125,-0.0516
93.250,-0.0109
93.375,-0.0002
93.500,-0.0524
93.625,-0.0506
93.750,0.0027
93.875,0.0027
94.000,-0.0463
94.125,-0.0486
94.250,0.0018
94.375,0.0052
94.500,-0.0466
94.625,-0.0499
94.750,0.0020
94.875,0.0077
95.000,-0.0441
95.125,-0.0487
95.250,0.0022
95.375,0.0091
95.500,-0.0174
95.625,-0.0206
95.750,0.0044
95.875,0.0091
96.000,-0.0140
96.125,-0.0181
96.250,0.0037
96.375,-0.0010
96.500,0.0373
96.625,0.0498
96.750,0.0102
96.875,0.0158
97.000,0.0428
97.125,0.0492
97.250,0.0304
97.375,0.0241
97.500,0.0370
97.625,0.0424
97.750,0.0311
97.875,0.0283
98.000,0.0389
98.125,0.0445
98.250,0.0343
98.375,0.0275
98.500,0.0382
98.625,0.0442
98.750,0.0329
98.875,0.0333
99.000,0.0215
99.125,0.0083
99.250,0.0243
99.375,0.0281
99.500,0.0088
99.625,-0.0019
99.750,0.0089
99.875,0.0187
100.000,0.0020
100.125,-0.0146
100.250,0.0001
100.375,0.0095
100.500,-0.0075
100.625,-0.0184
100.750,-0.0107
100.875,-0.0015
101.000,-0.0129
101.125,-0.0261
101.250,-0.0181
101.375,-0.0070
101.500,-0.0248
101.625,-0.0491
101.750,-0.0356
101.875,-0.0102
102.000,-0.0237
102.125,-0.0495
102.250,-0.0363
102.375,-0.0105
102.500,-0.0222
102.625,-0.0470
102.750,-0.0367
102.875,-0.0151
103.000,-0.0280
103.125,-0.0460
103.250,-0.0405
103.375,-0.0241
103.500,-0.0320
103.625,-0.0458
103.750,-0.0414
103.875,-0.0266
104.000,-0.0246
104.125,-0.0435
104.250,-0.0398
104.375,-0.0206
104.500,-0.0247
104.625,-0.0436
104.750,-0.0421
104.875,-0.0240
105.000,-0.0336
105.125,-0.0487
105.250,-0.0486
105.375,-0.0332
105.500,-0.0345
105.625,-0.0550
105.750,-0.0541
105.875,-0.0330
106.000,-0.0249
106.125,-0.0550
106.250,-0.0537
106.375,-0.0233
106.500,-0.0230
106.625,-0.0429
106.750,-0.0447
106.875,-0.0241
107.000,-0.0230
107.125,-0.0444
107.250,-0.0472
107.375,-0.0252
107.500,-0.0241
107.625,-0.0482
107.750,-0.0523
107.875,-0.0290
108.000,-0.0432
108.125,-0.0580
108.250,-0.0601
108.375,-0.0484
108.500,-0.0460
108.625,-0.0575
108.750,-0.0601
108.875,-0.0490
109.000,-0.0450
109.125,-0.0556
109.250,-0.0569
109.375,-0.0428
109.500,-0.0488
109.625,-0.0244
109.750,-0.0131
109.875,-0.0400
110.000,-0.0386
110.125,-0.0058
110.250,0.0074
110.375,-0.0205
110.500,-0.0354
110.625,-0.0075
110.750,0.0070
110.875,-0.0209
111.000,-0.0458
111.125,-0.0207
111.250,-0.0019
111.375,-0.0320
111.500,-0.0525
111.625,-0.0342
111.750,-0.0204
111.875,-0.0380
112.000,-0.0441
112.125,-0.0235
112.250,-0.0108
112.375,-0.0232
112.500,-0.0332
112.625,-0.0131
112.750,0.0052
112.875,-0.0122
113.000,-0.0337
113.125,-0.0179
113.250,0.0034
113.375,-0.0139
113.500,-0.0358
113.625,-0.0221
113.750,-0.0025
113.875,-0.0150
114.000,-0.0301
114.125,-0.0154
114.250,-0.0029
114.375,-0.0109
114.500,-0.0273
114.625,-0.0243
114.750,-0.0067
114.875,-0.0159
115.000,-0.0372
115.125,-0.0349
115.250,-0.0144
115.375,-0.0232
115.500,-0.0454
115.625,-0.0393
115.750,-0.0153
115.875,-0.0226
116.000,-0.0468
116.125,-0.0270
116.250,0.0401
116.375,0.0250
116.500,-0.0349
116.625,0.0105
116.750,0.0424
116.875,0.0368
117.000,0.0052
117.125,0.0099
117.250,0.0402
117.375,0.0303
117.500,0.0052
117.625,0.0075
117.750,0.0309
117.875,0.0292
118.000,0.0069
118.125,0.0147
118.250,0.0476
118.375,0.0490
118.500,0.0142
118.625,0.0158
118.750,0.0514
118.875,0.0501
119.000,0.0149
119.125,0.0130
119.250,0.0474
119.375,0.0439
119.500,0.0136
119.625,0.0104
119.750,0.0398
119.875,0.0272
120.000,0.0119
120.125,0.0104
120.250,0.0228
120.375,0.0233
120.500,0.0111
120.625,-0.0007
120.750,0.0191
120.875,0.0221
121.000,0.0009
121.125,-0.0037
121.250,0.0168
121.375,0.0219
121.500,0.0019
121.625,-0.0028
121.750,0.0170
121.875,0.0241
122.000,0.0055
122.125,0.0026
122.250,0.0187
122.375,0.0235
122.500,0.0088
122.625,-0.0018
122.750,0.0128
122.875,0.0198
123.000,0.0033
123.125,-0.0075
123.250,0.0092
123.375,0.0193
123.500,0.0018
123.625,-0.0089
123.750,0.0104
123.875,0.0239
124.000,0.0059
124.125,-0.0010
124.250,0.0190
124.375,0.0316
124.500,0.0176
124.625,0.0134
124.750,0.0266
124.875,0.0322
125.000,0.0270
125.125,0.0219
125.250,0.0299
125.375,0.0392
125.500,0.0316
125.625,0.0219
125.750,0.0326
125.875,0.0496
126.000,0.0405
126.125,0.0219
126.250,0.0352
126.375,0.0552
126.500,0.0421
126.625,0.0182
126.750,0.0285
126.875,0.0535
127.000,0.0392
127.125,0.0108
127.250,0.0118
127.375,0.0228
127.500,0.0169
127.625,0.0041
127.750,0.0046
127.875,0.0126
128.000,0.0086
128.125,0.0014
128.250,-0.0031
128.375,-0.0297
128.500,-0.0230
128.625,-0.0012
128.750,-0.0243
128.875,-0.0399
129.000,-0.0375
129.125,-0.0228
129.250,-0.0304
129.375,-0.0403
129.500,-0.0340
129.625,-0.0629
129.750,-0.0606
129.875,-0.0359
130.000,-0.0401
130.125,-0.0678
130.250,-0.0662
130.375,-0.0473
130.500,-0.0486
130.625,-0.0679
130.750,-0.0683
130.875,-0.0486
131.000,-0.0503
131.125,-0.0704
131.250,-0.0704
131.375,-0.0539
131.500,-0.0550
131.625,-0.0699
131.750,-0.0704
131.875,-0.0582
132.000,-0.0576
132.125,-0.0695
132.250,-0.0704
132.375,-0.0482
132.500,-0.0449
132.625,-0.0664
132.750,-0.0680
132.875,-0.0466
133.000,-0.0424
133.125,-0.0629
133.250,-0.0655
133.375,-0.0259
133.500,-0.0168
133.625,-0.0498
133.750,-0.0453
133.875,-0.0149
134.000,-0.0066
134.125,-0.0330
134.250,-0.0205
134.375,-0.0053
134.500,-0.0015
134.625,-0.0096
134.750,-0.0118
134.875,-0.0014
135.000,0.0036
135.125,-0.0058
135.250,-0.0093
135.375,0.0195
135.500,0.0343
135.625,0.0072
135.750,-0.0018
135.875,0.0240
136.000,0.0365
136.125,0.0149
136.250,0.0014
136.375,0.0188
136.500,0.0301
136.625,0.0128
136.750,-0.0006
136.875,0.0129
137.000,0.0245
137.125,0.0109
137.250,-0.0012
137.375,0.0126
137.500,0.0264
137.625,0.0138
137.750,0.0032
137.875,0.0162
138.000,0.0264
138.125,0.0165
138.250,0.0002
138.375,0.0053
138.500,0.0201
138.625,0.0083
138.750,-0.0055
138.875,-0.0070
139.000,-0.0145
139.125,-0.0105
139.250,-0.0025
139.375,-0.0074
139.500,-0.0170
139.625,-0.0128
139.750,-0.0029
139.875,-0.0125
140.000,-0.0239
140.125,-0.0240
140.250,-0.0704
140.375,-0.0576
140.500,-0.0233
140.625,-0.0358
140.750,-0.0701
140.875,-0.0597
141.000,-0.0281
141.125,-0.0354
141.250,-0.0625
141.375,-0.0553
141.500,-0.0294
141.625,-0.0344
141.750,-0.0556
141.875,-0.0370
142.000,-0.0292
142.125,-0.0293
142.250,-0.0369
142.375,-0.0348
142.500,-0.0267
142.625,-0.0265
142.750,-0.0358
142.875,-0.0343
143.000,-0.0139
143.125,-0.0138
143.250,-0.0341
143.375,-0.0250
143.500,-0.0088
143.625,-0.0078
143.750,-0.0243
143.875,-0.0204
144.000,-0.0053
144.125,-0.0038
144.250,-0.0185
144.375,-0.0155
144.500,-0.0008
144.625,0.0013
144.750,-0.0139
144.875,-0.0153
145.000,0.0055
145.125,0.0089
145.250,-0.0112
145.375,-0.0040
145.500,0.0229
145.625,0.0281
145.750,0.0035
145.875,0.0020
146.000,0.0247
146.125,0.0296
146.250,0.0070
146.375,0.0004
146.500,0.0231
146.625,0.0296
146.750,0.0062
146.875,-0.0079
147.000,0.0202
147.125,0.0318
147.250,0.0008
147.375,-0.0123
147.500,0.0187
147.625,0.0322
147.750,0.0008
147.875,-0.0252
148.000,0.0099
148.125,0.0300
148.250,-0.0090
148.375,-0.0307
148.500,-0.0044
148.625,0.0116
148.750,-0.0137
148.875,-0.0307
149.000,-0.0039
149.125,0.0162
149.250,-0.0091
149.375,-0.0244
149.500,0.0101
149.625,0.0367
149.750,0.0079
149.875,-0.0185
150.000,0.0091
150.125,0.0354
150.250,0.0089
150.375,-0.0197
150.500,-0.0057
150.625,0.0116
150.750,-0.0025
150.875,-0.0204
151.000,-0.0053
151.125,0.0160
151.250,0.0024
151.375,-0.0186
151.500,0.0007
151.625,0.0313
151.750,0.0146
151.875,-0.0116
152.000,0.0097
152.125,0.0330
152.250,0.0215
152.375,-0.0012
152.500,0.0031
152.625,0.0126
152.750,0.0081
152.875,-0.0012
153.000,0.0022
153.125,0.0116
153.250,0.0083
153.375,-0.0028
153.500,-0.0001
153.625,0.0132
153.750,-0.0019
153.875,-0.0668
154.000,-0.0528
154.125,0.0157
154.250,-0.0056
154.375,-0.1230
154.500,-0.0994
154.625,0.0455
154.750,0.0297
154.875,-0.1100
155.000,-0.0930
155.125,0.0530
155.250,0.0709
155.375,-0.0585
155.500,-0.0455
155.625,0.0834
155.750,0.0780
155.875,-0.0519
156.000,-0.0322
156.125,0.0821
156.250,0.0796
156.375,-0.0676
156.500,-0.0704
156.625,0.0738
156.750,0.0303
156.875,-0.0740
157.000,-0.0806
157.125,0.0123
157.250,0.0193
157.375,-0.0728
157.500,-0.0819
157.625,0.0093
157.750,0.0815
157.875,-0.0596
158.000,-0.0808
158.125,0.0654
158.250,0.0911
158.375,-0.0334
158.500,-0.0347
158.625,0.0672
158.750,0.0683
158.875,-0.0110
159.000,-0.0357
159.125,0.0389
159.250,0.0363
159.375,-0.0275
159.500,-0.0612
159.625,-0.0226
159.750,-0.0063
159.875,-0.0500
160.000,-0.0239
160.125,-0.1262
160.250,-0.1806
160.375,-0.0286
160.500,0.0471
160.625,-0.1008
160.750,-0.1798
160.875,-0.0356
161.000,0.0496
161.125,-0.0883
161.250,-0.1760
161.375,-0.0099
161.500,0.1060
161.625,-0.0469
161.750,-0.1447
161.875,0.0075
162.000,0.1206
162.125,-0.0119
162.250,-0.1100
162.375,0.0163
162.500,0.1200
162.625,0.0151
162.750,-0.1119
162.875,-0.0482
163.000,0.0463
163.125,-0.0339
163.250,-0.1319
163.375,-0.0548
163.500,0.0535
163.625,-0.0172
163.750,-0.1024
163.875,0.0108
164.000,0.1224
164.125,0.0596
164.250,-0.0491
164.375,0.0107
164.500,0.1227
164.625,0.0584
164.750,-0.0889
164.875,-0.0637
165.000,0.0761
165.125,0.0112
165.250,-0.1281
165.375,-0.0893
165.500,0.0155
165.625,-0.0204
165.750,-0.1281
165.875,-0.0951
166.000,0.0155
166.125,-0.0343
166.250,-0.2219
166.375,-0.1565
166.500,0.1457
166.625,0.1472
166.750,-0.2614
166.875,-0.1874
167.000,0.2321
167.125,0.1680
167.250,-0.2612
167.375,-0.2060
167.500,0.2320
167.625,0.1953
167.750,-0.1607
167.875,-0.0994
168.000,0.2141
168.125,0.1930
168.250,-0.1894
168.375,-0.2649
168.500,0.0770
168.625,0.0722
168.750,-0.2755
168.875,-0.2755
169.000,-0.0004
169.125,0.0052
169.250,-0.2643
169.375,-0.2743
169.500,0.1234
169.625,0.1500
169.750,-0.1471
169.875,-0.1718
170.000,0.1191
170.125,0.1514
170.250,-0.1250
170.375,-0.0378
170.500,0.1198
170.625,0.1413
170.750,0.0076
170.875,-0.0178
171.000,0.0810
171.125,0.1016
171.250,-0.0596
171.375,-0.0999
171.500,-0.0069
171.625,0.0203
171.750,-0.1343
171.875,-0.1842
172.000,-0.0166
172.125,0.0574
172.250,-0.1549
172.375,-0.2396
172.500,0.0188
172.625,0.1305
172.750,-0.1211
172.875,-0.2388
173.000,0.0172
173.125,0.1638
173.250,-0.0431
173.375,-0.1567
173.500,0.0486
173.625,0.1664
173.750,-0.0255
173.875,-0.1512
174.000,0.0303
174.125,0.1404
174.250,-0.0608
174.375,-0.2063
174.500,-0.0311
174.625,0.1180
174.750,-0.0506
174.875,-0.2056
175.000,-0.0428
175.125,0.1199
175.250,-0.0160
175.375,-0.1387
175.500,0.0060
175.625,0.1430
175.750,0.0326
175.875,-0.0846
176.000,0.0299
176.125,0.1432
176.250,0.0650
176.375,-0.0512
176.500,-0.0054
176.625,0.0627
176.750,0.0145
176.875,-0.0548
177.000,-0.0231
177.125,0.0514
177.250,-0.0060
177.375,-0.1285
177.500,-0.0751
177.625,0.0525
177.750,-0.0352
177.875,-0.3121
178.000,-0.3049
178.125,0.0825
178.250,0.0182
178.375,-0.4319
178.500,-0.3013
178.625,0.1622
178.750,0.0450
178.875,-0.4309
179.000,-0.3204
179.125,0.1622
179.250,0.0601
179.375,-0.4011
179.500,-0.2047
179.625,0.1465
179.750,0.0690
179.875,-0.2651
180.000,-0.2460
180.125,0.1001
180.250,0.0693
180.375,-0.2845
180.500,-0.2614
180.625,0.1001
180.750,0.0848
180.875,-0.2828
181.000,-0.2607
181.125,0.1492
181.250,0.1847
181.375,-0.1135
181.500,-0.0525
181.625,0.1776
181.750,0.1835
181.875,-0.0394
182.000,-0.0512
182.125,0.1658
182.250,0.1126
182.375,-0.0370
182.500,-0.0523
182.625,0.0833
182.750,0.0471
182.875,-0.0572
183.000,-0.0728
183.125,0.0218
183.250,0.0396
183.375,-0.1719
183.500,-0.3183
183.625,-0.0304
183.750,0.1634
183.875,-0.2590
184.000,-0.3793
184.125,0.0629
184.250,0.1959
184.375,-0.2354
184.500,-0.3793
184.625,0.0408
184.750,0.1962
184.875,-0.2115
185.000,-0.3763
185.125,0.0181
185.250,0.1845
185.375,-0.0326
185.500,-0.1379
185.625,0.0675
185.750,0.1652
185.875,-0.0853
186.000,-0.2320
186.125,0.0040
186.250,0.1211
186.375,-0.1158
186.500,-0.2640
186.625,-0.0586
186.750,0.0962
186.875,-0.0476
187.000,-0.1092
187.125,0.0221
187.250,0.1602
187.375,0.0768
187.500,-0.0486
187.625,0.0886
187.750,0.1965
187.875,0.0737
188.000,-0.0371
188.125,0.0564
188.250,0.1373
188.375,0.0382
188.500,-0.0371
188.625,0.0165
188.750,0.0937
188.875,0.0427
189.000,0.0126
189.125,-0.0472
189.250,-0.3277
189.375,-0.1347
189.500,0.3621
189.625,0.1163
189.750,-0.3998
189.875,-0.1606
190.000,0.3719
190.125,0.1481
190.250,-0.3995
190.375,-0.1909
190.500,0.3546
190.625,0.1642
190.750,-0.2596
190.875,-0.1070
191.000,0.2884
191.125,0.1768
191.250,-0.2309
191.375,-0.1738
191.500,0.1832
191.625,0.1072
191.750,-0.2588
191.875,-0.1975
192.000,0.1501
192.125,0.0971
192.250,-0.2543
192.375,-0.1821
192.500,0.2105
192.625,0.1719
192.750,-0.2170
192.875,-0.0554
193.000,0.2115
193.125,0.1960
193.250,-0.0763
193.375,-0.0860
193.500,0.1975
193.625,0.1933
193.750,-0.0948
193.875,-0.0618
194.000,0.1195
194.125,0.1070
194.250,-0.0535
194.375,-0.0601
194.500,0.0965
194.625,0.1065
194.750,-0.0468
194.875,0.0915
195.000,-0.2119
195.125,-0.3602
195.250,0.0725
195.375,0.2739
195.500,-0.3996
195.625,-0.5127
195.750,0.1690
195.875,0.2988
196.000,-0.3666
196.125,-0.5127
196.250,0.1365
196.375,0.2714
196.500,-0.3168
196.625,-0.3997
196.750,0.0844
196.875,0.2171
197.000,-0.1258
197.125,-0.2653
197.250,0.0759
197.375,0.0951
197.500,-0.1777
197.625,-0.3025
197.750,-0.0694
197.875,0.0463
198.000,-0.1923
198.125,-0.3136
198.250,-0.0830
198.375,0.0850
198.500,-0.0615
198.625,-0.1543
198.750,0.0065
198.875,0.1234
199.000,-0.0287
199.125,-0.1395
199.250,0.0155
199.375,0.1334
199.500,-0.0113
199.625,-0.1345
199.750,-0.0298
199.875,0.0609
200.000,-0.0396
200.125,-0.1345
200.250,-0.0440
200.375,0.0539
200.500,-0.0327
200.625,-0.0497
200.750,-0.1136
200.875,-0.3273
201.000,-0.1052
201.125,0.2032
201.250,-0.0289
201.375,-0.4056
201.500,-0.1841
201.625,0.2480
201.750,-0.0023
201.875,-0.4486
202.000,-0.2102
202.125,0.2670
202.250,0.0579
202.375,-0.4482
202.500,-0.2242
202.625,0.2962
202.750,0.1613
202.875,-0.1861
203.000,-0.0707
203.125,0.2350
203.250,0.0649
203.375,-0.2406
203.500,-0.1905
203.625,0.0745
203.750,0.0063
203.875,-0.2665
204.000,-0.1932
204.125,0.1413
204.250,0.0770
204.375,-0.2515
204.500,-0.1143
204.625,0.2065
204.750,0.1694
204.875,-0.1024
205.000,-0.0716
205.125,0.2064
205.250,0.1806
205.375,-0.1049
205.500,-0.1249
205.625,0.0655
205.750,0.0586
205.875,-0.1383
206.000,-0.1336
206.125,0.0963
206.250,0.0975
206.375,-0.1360
206.500,0.1041
206.625,-0.4244
206.750,-0.4409
206.875,0.0828
207.000,0.1116
207.125,-0.4022
207.250,-0.4397
207.375,0.0632
207.500,0.2375
207.625,-0.3624
207.750,-0.4282
207.875,0.1944
208.000,0.2872
208.125,-0.3186
208.250,-0.3846
208.375,0.1744
208.500,0.2736
208.625,-0.0866
208.750,-0.2535
208.875,0.0914
209.000,0.1815
209.125,-0.1708
209.250,-0.2755
209.375,0.0658
209.500,0.2175
209.625,-0.1379
209.750,-0.2724
209.875,0.0860
210.000,0.2456
210.125,-0.0370
210.250,-0.1160
210.375,0.1380
210.500,0.2505
210.625,0.0276
210.750,-0.0914
210.875,0.1231
211.000,0.1781
211.125,0.0143
211.250,-0.0512
211.375,0.0548
211.500,0.1232
211.625,0.0282
211.750,-0.0435
211.875,0.0482
212.000,0.1239
212.125,-0.0665
212.250,-0.3011
212.375,-0.1130
212.500,0.1302
212.625,-0.1090
212.750,-0.3657
212.875,-0.1317
213.000,0.1891
213.125,-0.0278
213.250,-0.3691
213.375,-0.0902
213.500,0.2801
213.625,0.0159
213.750,-0.3647
213.875,-0.1125
214.000,0.2804
214.125,0.0841
214.250,-0.2490
214.375,-0.0650
214.500,0.2173
214.625,-0.0230
214.750,-0.2708
214.875,-0.1572
215.000,0.0975
215.125,-0.0092
215.250,-0.2700
215.375,-0.1701
215.500,0.1089
215.625,0.0642
215.750,-0.1665
215.875,-0.0955
216.000,0.1421
216.125,0.0768
216.250,-0.1650
216.375,-0.1080
216.500,0.1306
216.625,0.0799
216.750,-0.1576
216.875,-0.0949
217.000,0.1078
217.125,0.0768
217.250,-0.1306
217.375,-0.1044
217.500,0.1078
217.625,0.0863
217.750,-0.1487
217.875,-0.3238
218.000,0.1078
218.125,0.0818
218.250,-0.4160
218.375,-0.4779
218.500,0.1105
218.625,0.2350
218.750,-0.4960
218.875,-0.4947
219.000,0.3394
219.125,0.3789
219.250,-0.4474
219.375,-0.3820
219.500,0.3354
219.625,0.3808
219.750,-0.1735
219.875,-0.2310
220.000,0.3196
220.125,0.3797
220.250,-0.1642
220.375,-0.2394
220.500,0.1077
220.625,0.1653
220.750,-0.1802
220.875,-0.2460
221.000,0.0967
221.125,0.1729
221.250,-0.0986
221.375,-0.1240
221.500,0.1143
221.625,0.1793
221.750,-0.0426
221.875,-0.1127
222.000,0.1026
222.125,0.1736
222.250,-0.0321
222.375,-0.1105
222.500,0.0873
222.625,0.2188
222.750,0.0175
222.875,-0.0871
223.000,0.1295
223.125,0.2411
223.250,-0.0608
223.375,-0.3130
223.500,0.0114
223.625,0.1937
223.750,-0.2027
223.875,-0.4858
224.000,-0.1201
224.125,0.2139
224.250,-0.1772
224.375,-0.5132
224.500,-0.0440
224.625,0.3674
224.750,-0.0697
224.875,-0.4296
225.000,0.0001
225.125,0.3783
225.250,0.1604
225.375,-0.1418
225.500,0.0565
225.625,0.3764
225.750,0.1146
225.875,-0.2173
226.000,-0.0620
226.125,0.1351
226.250,-0.0196
226.375,-0.2160
226.500,-0.0910
226.625,0.1240
226.750,0.0324
226.875,-0.1472
227.000,-0.0178
227.125,0.1591
227.250,0.0733
227.375,-0.1089
227.500,-0.0285
227.625,0.1460
227.750,0.0571
227.875,-0.0893
228.000,-0.0357
228.125,0.1219
228.250,0.0967
228.375,-0.0513
228.500,0.0067
228.625,0.1529
228.750,0.1162
228.875,0.0064
229.000,0.0830
229.125,-0.3679
229.250,-0.3013
229.375,0.1823
229.500,0.1025
229.625,-0.4046
229.750,-0.3896
229.875,0.2028
230.000,0.1365
230.125,-0.4704
230.250,-0.4127
230.375,0.2542
230.500,0.2624
230.625,-0.4559
230.750,-0.1844
230.875,0.3090
231.000,0.2988
231.125,-0.2039
231.250,-0.2191
231.375,0.1375
231.500,0.0997
231.625,-0.2096
231.750,-0.1933
231.875,0.0843
232.000,0.0988
232.125,-0.1706
232.250,-0.1697
232.375,0.0736
232.500,0.0895
232.625,-0.1168
232.750,-0.1422
232.875,0.0574
233.000,0.0862
233.125,-0.1450
233.250,-0.1868
233.375,0.0396
233.500,0.0860
233.625,-0.1341
233.750,-0.1591
233.875,0.0471
234.000,0.1011
234.125,-0.0822
234.250,-0.1371
234.375,0.0745
234.500,0.1535
234.625,-0.1851
234.750,-0.4037
234.875,-0.0155
235.000,0.1578
235.125,-0.2553
235.250,-0.4557
235.375,0.0011
235.500,0.2304
235.625,-0.2199
235.750,-0.4627
235.875,-0.0136
236.000,0.2739
236.125,-0.1181
236.250,-0.2727
236.375,0.0872
236.500,0.2885
236.625,0.0087
236.750,-0.2197
236.875,-0.0210
237.000,0.1520
237.125,-0.0525
237.250,-0.2012
237.375,-0.0494
237.500,0.0680
237.625,-0.0488
237.750,-0.1692
237.875,-0.0576
238.000,0.0650
238.125,-0.0282
238.250,-0.1396
238.375,-0.0531
238.500,0.0600
238.625,-0.0231
238.750,-0.1391
238.875,-0.0618
239.000,0.0578
239.125,-0.0086
239.250,-0.1212
239.375,-0.0486
239.500,0.0851
239.625,0.0183
239.750,-0.1454
239.875,-0.0939
240.000,0.1473
240.125,0.0218
240.250,-0.3244
240.375,-0.2355
240.500,0.1850
240.625,0.0110
240.750,-0.5142
240.875,-0.3536
241.000,0.2214
241.125,0.1623
241.250,-0.5152
241.375,-0.3520
241.500,0.3439
241.625,0.1989
241.750,-0.5090
241.875,-0.3590
242.000,0.3449
242.125,0.2838
242.250,-0.1301
242.375,-0.1180
242.500,0.2461
242.625,0.1450
242.750,-0.1653
242.875,-0.1481
243.000,0.0795
243.125,0.0662
243.250,-0.1639
243.375,-0.1555
243.500,0.0767
243.625,0.0610
243.750,-0.1255
243.875,-0.1243
244.000,0.0579
244.125,0.0529
244.250,-0.1159
244.375,-0.1217
244.500,0.0422
244.625,0.0527
244.750,-0.0995
244.875,-0.1115
245.000,0.0582
245.125,0.0782
245.250,-0.0480
245.375,-0.2047
245.500,0.0655
245.625,0.1391
245.750,-0.2763
245.875,-0.3818
246.000,0.0534
246.125,0.1511
246.250,-0.3798
246.375,-0.5127
246.500,0.0813
246.625,0.3060
246.750,-0.3121
246.875,-0.5117
247.000,0.1071
247.125,0.3244
247.250,-0.2773
247.375,-0.5114
247.500,0.0737
247.625,0.3235
247.750,-0.2443
247.875,-0.5114
248.000,0.0191
248.125,0.2924
248.250,-0.2220
248.375,-0.5114
248.500,-0.0130
248.625,0.2924
248.750,-0.1899
248.875,-0.5114
249.000,-0.5114
249.125,-0.5114
249.250,-0.5114
249.375,-0.5114
249.500,-0.5114
249.625,-0.5114
249.750,-0.5114
249.875,-0.5114
