t,taxa_arfagem,profundor,flape_bordo_ataque,canard
0,-0.0050,-0.0219,-0.0636,-0.0507
1,-0.0050,-0.0219,-0.0636,-0.0507
2,-0.0050,-0.0219,-0.0636,-0.0507
3,-0.0050,-0.0219,-0.0636,-0.0507
4,-0.0050,-0.0219,-0.0636,-0.0507
5,-0.0061,-0.0216,-0.0636,-0.0510
6,-0.0061,-0.0216,-0.0639,-0.0510
7,-0.0061,-0.0216,-0.0639,-0.0507
8,-0.0061,-0.0217,-0.0639,-0.0507
9,-0.0061,-0.0218,-0.0636,-0.0507
10,-0.0061,-0.0218,-0.0639,-0.0507
11,-0.0061,-0.0218,-0.0639,-0.0507
12,-0.0061,-0.0218,-0.0636,-0.0507
13,-0.0061,-0.0218,-0.0636,-0.0507
14,-0.0061,-0.0214,-0.0636,-0.0507
15,-0.0061,-0.0214,-0.0636,-0.0507
16,-0.0061,-0.0214,-0.0636,-0.0507
17,-0.0061,-0.0216,-0.0636,-0.0507
18,-0.0061,-0.0218,-0.0636,-0.0507
19,-0.0061,-0.0218,-0.0636,-0.0506
20,-0.0061,-0.0218,-0.0636,-0.0507
21,-0.0061,-0.0218,-0.0636,-0.0507
22,-0.0061,-0.0218,-0.0636,-0.0507
23,-0.0061,-0.0218,-0.0636,-0.0507
24,-0.0069,-0.0218,-0.0636,-0.0505
25,-0.0072,-0.0220,-0.0636,-0.0505
26,-0.0082,-0.0220,-0.0636,-0.0505
27,-0.0082,-0.0220,-0.0636,-0.0505
28,-0.0078,-0.0220,-0.0636,-0.0505
29,-0.0082,-0.0220,-0.0636,-0.0507
30,-0.0082,-0.0220,-0.0636,-0.0507
31,-0.0061,-0.0220,-0.0636,-0.0505
32,-0.0061,-0.0220,-0.0639,-0.0507
33,-0.0061,-0.0220,-0.0639,-0.0507
34,-0.0061,-0.0220,-0.0637,-0.0507
35,-0.0061,-0.0219,-0.0639,-0.0507
36,-0.0061,-0.0217,-0.0639,-0.0507
37,-0.0061,-0.0216,-0.0636,-0.0507
38,-0.0061,-0.0216,-0.0636,-0.0508
39,-0.0069,-0.0202,-0.0636,-0.0507
40,-0.0093,-0.0159,-0.0636,-0.0507
41,-0.0172,-0.0116,-0.0636,-0.0507
42,-0.0303,-0.0103,-0.0636,-0.0505
43,-0.0456,-0.0108,-0.0636,-0.0499
44,-0.0604,-0.0112,-0.0636,-0.0486
45,-0.0716,-0.0126,-0.0639,-0.0472
46,-0.0811,-0.0144,-0.0646,-0.0453
47,-0.0883,-0.0158,-0.0656,-0.0435
48,-0.0941,-0.0176,-0.0665,-0.0418
49,-0.0963,-0.0189,-0.0670,-0.0406
50,-0.0941,-0.0203,-0.0679,-0.0393
51,-0.0905,-0.0211,-0.0691,-0.0382
52,-0.0877,-0.0220,-0.0707,-0.0410
53,-0.0843,-0.0228,-0.0722,-0.0490
54,-0.0834,-0.0231,-0.0733,-0.0590
55,-0.0866,-0.0239,-0.0739,-0.0661
56,-0.0913,-0.0245,-0.0747,-0.0688
57,-0.0993,-0.0256,-0.0755,-0.0694
58,-0.1060,-0.0269,-0.0763,-0.0695
59,-0.1089,-0.0283,-0.0774,-0.0684
60,-0.1081,-0.0301,-0.0783,-0.0669
61,-0.1062,-0.0315,-0.0790,-0.0657
62,-0.1029,-0.0324,-0.0801,-0.0648
63,-0.0969,-0.0332,-0.0808,-0.0640
64,-0.0881,-0.0340,-0.0809,-0.0634
65,-0.0796,-0.0346,-0.0810,-0.0632
66,-0.0698,-0.0348,-0.0817,-0.0630
67,-0.0612,-0.0350,-0.0825,-0.0633
68,-0.0526,-0.0350,-0.0827,-0.0638
69,-0.0423,-0.0346,-0.0827,-0.0642
70,-0.0345,-0.0344,-0.0827,-0.0649
71,-0.0255,-0.0363,-0.0827,-0.0653
72,-0.0122,-0.0441,-0.0827,-0.0663
73,0.0090,-0.0513,-0.0827,-0.0670
74,0.0466,-0.0551,-0.0827,-0.0681
75,0.0846,-0.0552,-0.0827,-0.0702
76,0.1155,-0.0535,-0.0820,-0.0734
77,0.1415,-0.0503,-0.0812,-0.0766
78,0.1615,-0.0469,-0.0801,-0.0808
79,0.1726,-0.0430,-0.0793,-0.0846
80,0.1769,-0.0397,-0.0786,-0.0884
81,0.1808,-0.0365,-0.0774,-0.0922
82,0.1761,-0.0336,-0.0761,-0.0951
83,0.1660,-0.0314,-0.0746,-0.0947
84,0.1594,-0.0302,-0.0723,-0.0855
85,0.1571,-0.0287,-0.0696,-0.0695
86,0.1595,-0.0278,-0.0673,-0.0539
87,0.1668,-0.0269,-0.0648,-0.0436
88,0.1774,-0.0249,-0.0616,-0.0402
89,0.1883,-0.0221,-0.0577,-0.0396
90,0.1914,-0.0198,-0.0546,-0.0408
91,0.1920,-0.0171,-0.0508,-0.0431
92,0.1903,-0.0136,-0.0474,-0.0458
93,0.1851,-0.0114,-0.0439,-0.0484
94,0.1739,-0.0092,-0.0406,-0.0502
95,0.1571,-0.0073,-0.0373,-0.0516
96,0.1420,-0.0064,-0.0344,-0.0524
97,0.1278,-0.0060,-0.0316,-0.0529
98,0.1086,-0.0058,-0.0292,-0.0529
99,0.0921,-0.0058,-0.0266,-0.0529
100,0.0760,-0.0060,-0.0253,-0.0525
101,0.0584,-0.0061,-0.0242,-0.0519
102,0.0436,-0.0065,-0.0240,-0.0509
103,0.0303,-0.0059,-0.0240,-0.0493
104,0.0163,-0.0023,-0.0240,-0.0478
105,-0.0034,0.0012,-0.0240,-0.0462
106,-0.0225,0.0015,-0.0245,-0.0445
107,-0.0450,0.0008,-0.0253,-0.0424
108,-0.0643,-0.0006,-0.0259,-0.0402
109,-0.0799,-0.0024,-0.0267,-0.0371
110,-0.0920,-0.0048,-0.0284,-0.0343
111,-0.1010,-0.0069,-0.0308,-0.0316
112,-0.1078,-0.0087,-0.0336,-0.0287
113,-0.1081,-0.0105,-0.0353,-0.0265
114,-0.1064,-0.0119,-0.0363,-0.0246
115,-0.1027,-0.0129,-0.0370,-0.0256
116,-0.0973,-0.0140,-0.0385,-0.0328
117,-0.0978,-0.0144,-0.0409,-0.0430
118,-0.1018,-0.0151,-0.0433,-0.0500
119,-0.1076,-0.0162,-0.0451,-0.0517
120,-0.1134,-0.0171,-0.0468,-0.0517
121,-0.1192,-0.0188,-0.0491,-0.0506
122,-0.1209,-0.0208,-0.0519,-0.0488
123,-0.1208,-0.0228,-0.0544,-0.0467
124,-0.1155,-0.0241,-0.0567,-0.0443
125,-0.1086,-0.0254,-0.0585,-0.0428
126,-0.0991,-0.0261,-0.0603,-0.0420
127,-0.0895,-0.0267,-0.0626,-0.0412
128,-0.0773,-0.0270,-0.0651,-0.0408
129,-0.0654,-0.0270,-0.0671,-0.0406
130,-0.0549,-0.0270,-0.0686,-0.0406
131,-0.0448,-0.0267,-0.0697,-0.0407
132,-0.0341,-0.0264,-0.0705,-0.0411
133,-0.0253,-0.0259,-0.0706,-0.0413
134,-0.0156,-0.0254,-0.0706,-0.0420
135,-0.0098,-0.0247,-0.0712,-0.0429
136,-0.0043,-0.0240,-0.0721,-0.0435
137,-0.0004,-0.0233,-0.0726,-0.0442
138,0.0033,-0.0229,-0.0727,-0.0453
139,0.0058,-0.0224,-0.0720,-0.0459
140,0.0073,-0.0217,-0.0711,-0.0464
141,0.0089,-0.0214,-0.0709,-0.0468
142,0.0089,-0.0211,-0.0709,-0.0469
143,0.0079,-0.0211,-0.0704,-0.0471
144,0.0068,-0.0211,-0.0695,-0.0476
145,0.0046,-0.0209,-0.0689,-0.0482
146,0.0046,-0.0207,-0.0689,-0.0483
147,0.0031,-0.0207,-0.0686,-0.0486
148,0.0025,-0.0205,-0.0677,-0.0488
149,0.0000,-0.0205,-0.0673,-0.0490
150,-0.0018,-0.0207,-0.0672,-0.0490
151,-0.0039,-0.0207,-0.0673,-0.0488
152,-0.0050,-0.0207,-0.0673,-0.0488
153,-0.0061,-0.0207,-0.0673,-0.0488
154,-0.0073,-0.0207,-0.0673,-0.0488
155,-0.0082,-0.0209,-0.0674,-0.0488
156,-0.0093,-0.0209,-0.0675,-0.0488
157,-0.0104,-0.0211,-0.0670,-0.0488
158,-0.0104,-0.0214,-0.0662,-0.0488
159,-0.0115,-0.0214,-0.0656,-0.0487
160,-0.0115,-0.0214,-0.0653,-0.0486
161,-0.0115,-0.0214,-0.0656,-0.0486
162,-0.0125,-0.0216,-0.0656,-0.0486
163,-0.0125,-0.0216,-0.0656,-0.0483
164,-0.0125,-0.0217,-0.0656,-0.0484
165,-0.0115,-0.0218,-0.0658,-0.0487
166,-0.0115,-0.0218,-0.0658,-0.0483
167,-0.0115,-0.0218,-0.0658,-0.0483
168,-0.0104,-0.0218,-0.0658,-0.0483
169,-0.0093,-0.0218,-0.0657,-0.0483
170,-0.0072,-0.0216,-0.0656,-0.0483
171,-0.0072,-0.0216,-0.0656,-0.0483
172,-0.0072,-0.0214,-0.0656,-0.0486
173,-0.0072,-0.0214,-0.0656,-0.0488
174,-0.0061,-0.0214,-0.0656,-0.0488
175,-0.0072,-0.0215,-0.0656,-0.0488
176,-0.0072,-0.0215,-0.0656,-0.0491
177,-0.0072,-0.0217,-0.0656,-0.0488
178,-0.0072,-0.0217,-0.0656,-0.0488
179,-0.0061,-0.0215,-0.0656,-0.0488
180,-0.0061,-0.0215,-0.0656,-0.0488
